{"cameraMode":{"drawMode":0,"name":"Shaded","section":"Shading Mode"},"sceneLighting":true,"audioPlay":false,"sceneViewState":{"showFog":true,"showMaterialUpdate":false,"showSkybox":false,"showFlares":true,"showImageEffects":true,"showParticleSystems":true},"in2DMode":false,"pivot":{"x":0.5862995982170105,"y":1.4269263744354249,"z":-6.893249988555908},"rotation":{"x":0.01393106672912836,"y":0.9860631823539734,"z":-0.11469755321741104,"w":0.1198115274310112},"size":3.1279141902923586,"orthographic":false}